,comment_text,hf
0,#Rosenmontag ist abgesagt. #Rapefugees also wieder wie gewohnt ins Schwimmbad gehen!,1
1,bitte nicht die #Türkei zum #EU-Mitglied machen! #Menschenrechte #Pressefreiheit #Islamisierung,0
2,Wieso bekommen #rapefugees mehr als unsere Hartz 4 Enpfänger?  #esreicht,0
3,Den verfluchten #Rapefugees den Krieg erklären! #wasfehlt,1
4,"War das Wochenende im Ruhrpott unterwegs. Überall schwangere, muslimische Frauen mit einem Rattenschwanz an Kindern #Islamisierung",1
5,"#Asylanteninvasion Wenn es auf unseren Straßen zu Gewaltausbrüchen kommt - Die Verantwortlichen hierfür, sitzen in der Regierung / Merkel!",0
6,745 Millionen Menschen leben in #Europa. Ca. 4 Millionen #Flüchtlinge bereiten da Kopfzerbrechen? #Rassisten sprechen von #Islamisierung?!,0
7,Tja die #SPD will unsere Steuergelder für Flüchtlinge verpassen. #refugees #refugeesNOTwelcome #refugeesgohome #abmerkeln,0
8,Aber für die Kölner Polizei haben gestiegene Anzeigen nur einen Grund: Frauen seien anzeigefreudiger als noch 2015. #rapefugees,0
9,"Offenes, freies WLAN im #Sophienhof #Kiel. Mit ein Grund für die Vorfälle von gestern Nachmittag! Zurück nach Kabul mit den #rapefugees!",1
10,"#UnterdenLinden #Petry fordert bessere Regelung Gesetze für #Asylanten und #Migranten. Richtig, warum wird es nicht getan?",0
11,Regeln und Gesetze der Einheimischen sind ein Verstoß gegen die Menschenwürde. #Hungerstreik #Rapefugees,1
12,"#Blutrache, #Zwangsbekehrung, #Scharia, #Kinderbräute, #Vielehe, #Genitalverstümmelung - kann nicht erkennen, was davon zu uns gehören soll.",1
13,"Worin liegt der Sinn für die Bierindustrie, die #Islamisierung zu beschleunigen indem sie #Deutsche Biertrinker mit #Glyphosat dezimieren?",0
14,"Claudia #Roth: Wer Sex-Attacken von Asylanten anprangert, ist ein „geistiger Bruder“ der Täter! Fuck you from Switzerland! #asylanten #Grüne",1
15,Im Februar 2016 kamen nach neusten Angaben in der #ARD Tagesschau trotz Grenzkontrollen auf Balkanroute 39000 #Asylanten nach #Deutschland,0
16,Die Unterbringung im Gefängnis nur weil man Verbrechen begangen hat ist ein Verstoß gegen die Menschenwürde.#Hungerstreik #Rapefugees,1
17,#Merkel Wie ist diese Schlampe eigentlich auf die Idee gekommen das Land so tiefgreifend zu verändern? #Merkelmussweg #refugeesnotwelcome,0
18,Der #Weltfrauentag ist eine Farce angesichts der durch die #Merkeldiktatur vorangetriebenen #Islamisierung #Europas!,0
19,"Gratis Häuser,Wohnungen,Handys u. Öffitickets #Mindestsicherung, Straffreiheit, Vorreihung in Ambulanzen, Schlaraffenland Ö #ZIB2 #Asylanten",0
20,#BeateUhse Konzern vermarktet #Scharia konforme Sexprodukte - bitte boykottiert diese Firma.,0
21,"laut #orban wird #merkel Europa mit neuen 500.000 #asylanten fluten zusätzlich zu den millionen, die sowieso kommen. Ende Gelände D",0
22,Nach den Wahlen werden wir #Griechenland riesige #Asylanten-Kontingente abnehmen. Wetten?#AnneWill,0
23,In diesem Moment wird die Ernst-Grube-Halle endlich geräumt #leipzig #npd #jn #Legida #RefugeesNotWelcome,0
24,"#illner. erst hieß es, es kämen nur top Arbeitskräfte. jetzt lese ich NUR von wichsenden, vergewaltigenden, betrügenden #asylanten. #merkel",1
25,"Die #Merkel ist sehr """"Ich"""" bezogen. Sie soll sich um ihr Volk kümmern. #AnneWill #refugees #refugeesNOTwelcome",0
26,Slovenien macht die Grenze dicht! Noch eine gute Nachricht! #merkelmussweg #abmerkeln #refugeesnotwelcome,0
27,"Luxushotels werden in #Asylanten Unterkünfte  umfunktioniert , #Deutsche müssen in primitiven heruntergekommenen  Slums leben.#annewill #ARD",0
28,"Niemand hat mich gefragt, ob ich das schaffen will. #Asylwahn #Rapefugees  #Volksentscheid zu #Asylrecht, #Grenzen dicht, #Merkel muss weg!",0
29,Ausnahmen beim #Mindestlohn sind auch überhaupt nicht mit der #Scharia vereinbar wenn #Moslems betroffen sind. #SPD #CDU #Deutschland,0
30,"Pöbelnde #Asylanten zeigen Kopf-ab-Gesten und Stinkefinger in #Clausnitz. Laut IM #Ulbig keine Ermittlungen gg. Asylanten, nur gg. Deutsche.",1
31,"Geld aus der Portokasse von #Merkel, oder doch Steuergeld? 500.000.000,00 Euro für UN Flüchtlingshilfe #Asylanten",1
32,"Es nicht die Angst vor #asylanten, sondern die Überfremdung Deutschlands. Und ihr Politiker wisst dieses auch ganz genau!! Es reicht Stopp!!",0
33,Spahn von #cdu will Wegfall von Mindestlohn für #asylanten. klare schlechterstellunf von Einheimischen! Abwählen!,0
34,"Wenn sich der Hass in #Deutschland mal seinen Weg gebahnt hat,wen wird er eigentlich treffen ? #Rapefugees #Politiker #Ossis #Journalisten ?",1
35,"d-radio: 2,8 millionen menschen #fluechtlinge #migranten #asylanten in der #tuerkei , verhandlungen mit der #EU",0
36,"Was nützt mir der Erde Geld? Kein kranker Mensch genießt die Welt!"""" - Goethe #Deutschland #HartzIV #merkel #fluechtlinge #asylanten",0
37,"Vor einem Jahr mussten Eltern, wenn Töchter ins Schwimmbad gingen, nur überlegen, ob sie schon schwimmen können. #Rapefugees",0
38,"#hartaberfair Andere #EU Länder sind Land und Bürger wichtiger als #Asylanten. Moralisch, ethisch und finanziell verständlich",1
39,#besorgteGutmenschen regen sich auf :  #Khaled - von #Asylanten getötet. #LaGeSo-Toter - #Moabithilft Ente #Handgranate - warfen #Migranten,1
40,"das was im SWR Radio momentan an Werbung pro #Asylanten gemacht wird, ist so penetrant wie Phase der Weihnachtssongs & Fastnachts-Seeligkeit",0
41,Idee: #Hartzer VS #Asylanten im Einzelkampf . Wer schneller nen Arbeits/Ausbildungsplatz findet und Deutsch lernt/kann darf bleiben.,1
42,#schweden in bürgerkriegsartigen Zuständen! eine lasche konservative und eine irre sozialistische Regierung fluten das Land mit #asylanten,0
43,Utter zbale in this hashtag #rapefugees,1
44,Gestern kamen die #Asylanten. Heute Nacht wurde versucht einzubrechen. #Zufall?,1
45,"Erschreckend, daß es #Frauen sind, die 30 Jahre #Emanzipation zugunsten islamistischer #Vergewaltiger in die Tonne treten! #rapefugees #AfD",1
46,"#Deutschland übt #Karneval nach den Regeln der #Scharia, weil da eh bald nur noch #Moslems feiern werden. Deutsche #Frauen aus Angst Zuhause",1
47,Wenn ich mir den Mond gerade so anschaue: Die #Islamisierung des Abendlandes ist doch schon längst durch!,0
48,#fakt auf #ard: #asylanten fahren mit Taxi herum auf Steuerzahlerkosten. mehrere 100€. #merkel macht es möglich! unglaublich!,0
49,"#Asylanten Man kann NICHT einf 2 VERSCHIEDENE Menschen bzw Völker/Kulturen""""zusammenleg"""" + sagen nun seit ma glückl miteinander+versteht euch",0
50,#idomeni #Asylanten #Fluechtlinge  Schöne Vorstellung für die Kameras. Blanke Gewalt. Merkel drückt daheim Krokodilstränen ins Kissen. ??,0
51,"Keine Schnittmenge zwischen #NPD und #AfD? Funny … #Euro? #Asylanten? #Islam? #Familie? Es gibt die Schnittmenge, die #AfD gibt sie nicht zu",0
52,#Arabisch als Schulsprache - #Islamisierung #Deutschlands in vollem Gange,1
53,"Stelle mir gerade vor, wie es wäre, wenn die Saudis in Deutschland einmarschieren würden #Scharia #Krieg in #Syrien",0
54,Wer hat uns verraten? Die Sozialdemokraten!   Werner Faymann ist derzeit eine Paradebeispiel dafür. #Kontingent #refugeesnotwelcome #traurig,0
55,"lieber #Horst #Seehofer,der #Bayerische #Staat braucht eine #Strategie,die der #Islamisierung #Bayerns einen #Riegel #vorschiebt! #sz #faz",1
56,"Die haben nix mehr"""" die Leute in den #Asylanten-Heimen. Gut, außer denen mit den geklauten Handys.#Maischberger",0
57,Man stelle sich vor es käme zum Frieden und alle #Asylanten mit syrischen Pässen würden dorthin ausgeflogen.,0
58,"#JuliaKloeckner. wir von der #cdu schaffen es, weitere Millionen #asylanten nach D zu locken und die dumme Bevölkerung zu melken. wetten?",0
59,"#maischberger Fratscher:Geld für Migranten als Investition.Bis dahin weiterhin #rapefugees , #Islamisierung und #IS Terroristen. #abmerkeln",1
60,"Egal welche #Partei, man wählt nur #Orange oder #Apfelsine! #AnneWill #EinProzent #grenzendicht #refugees #refugeesnotwelcome #Deutschland",0
61,"Das #Griechenland,das jetzt alle Beschlüsse zu #Asylanten blockieren will is aber nicht das Land,das quartalsweise Milliarden schnorrt,oder?",0
62,"#Reker beugt sich #Islam und #Scharia, schafft für Frauen Sicherheitszonen (=Fluchtpunkte) """"#Flüchtlinge"""" #Köln #Massenvergewaltigungen",1
63,#maischberger Liefers: Wir achten Frauen.... Für viele von den #rapefugees ist das wie ein Paradies hier.Lasche Strafen bei Vergewaltigungen,1
64,"Perlen aus der Redaktionskonferenz - heute Idee für Buchtitel: """"Das Wunder von #Dresden - #Islamisierung ohne Muslime"""" #NoPegida #NoLegida",0
65,"Wir werden noch gemeinsam auf #PEGIDA stehen, Schulter an Schulter, bis zu den Zähnen bewaffnet, im Bürgerkrieg gegen #Rapefugees  #schauhin",1
66,"#merkel rechnet mit 3,6 Mio neuen #asylanten in D bis 2020! zum vergleich: Schätzung 2015 war 500.000, gekommen sind >1,1 Mio. dank #cdu",0
67,"Ich habe bis heute nicht verstanden, was an Dunkelhäutigen in schwarzen Burkas mit dunkler “Kultur“ BUNT sein soll... #Islamisierung",1
68,"Dieser Sommer wird der Sommer der #Rapefugees, schade das die Wahlen nicht im Herbst sind.",0
69,Die Gedanken sind frei -NICHT mehr in #Europa #Deutschland #Sophienhof #Koelnbhf #Merkelmussweg #Islamisierung #Flüchtlingskrise,0
70,"Wer für deutsche #Arbeitslose und #Obdachlose die selben finanz. Mittel fordert , wie sie """"#Asylanten"""" zukommen , wird beschimpft. Absurd.",0
71,"Wieso haben diese Gutmenschen, Vegetarier, Veganer und Tierschützer eigentlich nichts gegen """"Halal""""-Schlachtung?  #asylanten #flüchtlinge",0
72,"Ein Soldat, der gegen Flüchtlinge ist und u.a. #rapefugees nutzt, kritisiert meine Tweets zu #InTheBox - Patridiot mit Gewehr. Na toll.",0
73,Manche sagen die #AfD Wähler sollen sich #schämen. Ich finde die Jungs von #koelnhbf haben viel mehr Grund sich zu schämen. #rapefugees,0
74,"#maischberger Laschet:Pegida gibts im Westen nicht.Leute trauen sich nicht mitzulaufen wegen Ächtung,aber #islamisierung ist umso realer dor",0
75,#BeateUhse fördert #SCHARIA über Internet-Sexshop El Asira aus den #Niederlanden,0
76,DANKE #Clausnitz FÜR EUREN #WIDERSTAND ! IHR SEID HELDEN! #SOS #rapefugees #koelnhbf #cologne #Islamisierung AUS WESTDEUTSCHLAND: DANKE!!!,1
77,Wie bei #hartaberfair gesagt brechen 66% der #Asylanten die Ausbildung ab.#afd,0
78,#Asylanten betteln jetzt auch in den Nachbardörfern. Wie lange wird diese Kriminalität noch versteckt? #Asylbewerber #Fluechtlinge #asylum,1
79,"Nur, weil's 100mal gesagt wurde, ist es nicht falsch: Ab der Türkei sind Syrer u Iraker keine Flüchtlinge mehr! #refugeesnotwelcome",0
80,Flüchtlingen nicht sofort gratis Villen & Autos auszuhändigen ist ein Verstoß gegen die Menschenwürde. #Hungerstreik #Rapefugees,0
81,Könnten wir Schmarotzer und Kriminelle loswerden würde die #Asylanten-Schwemme auf beherrschbare Zahlen runtergehen.,1
82,"Ob #Asylanten wohl mitbekommen,  daß #linke, #gutmenschen, #antifa, die Deutsche  Nation, zerstören wollen? ?",0
83,"Angst vor #Islamisierung? Die deutsche + europäische Geschichte, Tradition, Bräuche, Sprache leben, lehren und vermitteln! #hartaberfair",0
84,#oecd schätzt Wachstum von D in den nächsten Jahren viel schwächer ein als erwartet. wo ist der Boom durch #asylanten außer bei schulden?,0
85,"Mecklenburg-Vorpommern  21.01.2016  SPD 28 % AfD 5 %,  16.02.2016 SPD 22 % AfD 16 %  #Bereicherung #Flüchtlinge #SPD #Islamisierung",0
86,"In Deutschlandradio Kultur erfahren wir gerade, dass der Islam gg dem Christentum die frauenfreundlichere Relion ist. #Islamisierung #PEGIDA",0
87,Ca. 70.000 Syrer fliehen vor Kämpfen. Warum KÄMPFT ihr nicht endlich für Euer Land? #refugeesNOTwelcome #fluechtlinge,0
88,Jetzt warte ich auf den #Brennpunkt der #ARD +ein #ZDFspezial zum Thema #Handgranate  mit #Maas  + #Kretschmann #Asylanten,0
89,Integrierte werden abgeschoben?Illegale TÄTER dürfen bleiben?? Wieso läuft hier so viel falsch?? #refugeescrisis #islam #rapefugees,1
90,"Liebe Gutmenschen,eure Einzelfall Asylanten werden immer mehr.#kiel #sophienhof  Da sieht man was schlummert in den armen #Asylanten.#afd",0
91,Frankreich sagt sie werden nur 30T #asylanten aufnehmen..und wir haben seit Jahresbeginn schon 100T aufgenommen. #Merkel verpiss dich!!,0
92,Warum spendet #hoaxmap die #Werbeeinnahmen nicht den #Opferfamilien die durch #Vergewaltigung von #Flüchtlinge und #Asylanten passiert sind,0
93,"Die #Islamisierung des #Abendlandes ist die schlimmste Krise der Gegenwart, die zu lösen ist, durch Zürückdrängung des #Islam in die Wüste.",1
94,Wenn Ihr #Deutschland so scheiße findet warum wollt Ihr dann möglichst vielen #Asylanten zumuten hier zu leben?,0
95,"Geflüchtete aus den Ländern mit der totalitären Ideologie des #islam ,um hier #islamisierung der Gesellschaft anzuheizen #taqqiya #abmerkeln",0
96,Deutschland will den Europäern eine #Islamisierung und #Zwangsmigration  aufzwingen.Das geht nicht!#AFD #hartaberfair,0
97,"Ich brauche einen Blog, glaube ich, 140 Zeichen sind zu wenig. Get rid of #Islam #Muslims #rapefugees",1
98,Deutschland hat seine Staatlichkeit aufgegeben! Das GG ist aus den Fugen gehoben! Es herrscht der Irrsinn #islamisierung #CDU #hartaberfair,0
99,Ifo-Chef #Sinn warnt Jeder Flüchtling kostet #Deutschland 450.000 Euro!!!   #Asylanten,0
100,Warum wurde der #Mob in #Clausnitz nicht von der #Polizei aufgelöst um die Situation zu beruhigen? #Flüchtlinge #Flüchtlingskrise #Asylanten,0
101,"Ungarn will Volksabstimmung durchführen, so macht man das! #refugeesnotwelcome",0
102,Seit beginn der #Asylflut sprunghafter Anstieg von #Vergewaltigungen um fast 500% (!!!). #abmerkeln! Wehrt euch! #grenzendicht #rapefugees,1
103,NRW: Duisburg-Marxloh ist erst der Anfang...der Rest ist in Arbeit #abmerkeln #islamisierung #Migranten,0
104,Sind in #Clausnitz 1000 Anzeigen wg. körperlicher Angriffe+#Diebstahl eingegangen? #kölnhbf #Polizei #rapefugees #Handgranate #Asyl #Merkel,0
105,"#Kiel Wer jetzt immer noch die Blockparteien wählt, macht sich mitschuldig an kommenden Verbrechen!!!!!! #abmerkeln #rapefugees #AFD wählen!",1
106,Deutsche Frauen an #rapefugees opfern. #wasistlinks,1
107,#illner. deutsche Wirtschaft hat sich vor Freude auf #asylanten überschlagen. jetzt ziehen alle den schwanz ein. Warum nur?,0
108,"was tun gegen #clausnitz? keine neuen #asylanten, Kampf gegen asylmafia, #merkel vor Gericht stellen,  #cdu abwählen überall!",0
109,"#Asyl-Befürworter, die nie einen #Asylanten bei sich zuhause aufgenommen habenkann ich nicht ernst nehmen.",0
110,"man kann nicht mio arbeitslose muslimische #asylanten gegen die deutsche Mehrheit ins Land lassen & die Mehrheit als Nazis beschimpfen,#cdu!",0
111,"Gegen #Multikulti hab ich eigentlich nichts, gegen #Islamisierung schon.",0
112,Die heutige Tagesscheisse heist #Hoaxmap. Die tätsächlichen Vergewaltigungen durch #Flüchtlinge und #Asylanten werden nicht erwähnt.,1
113,"Ja die Realität ist wirklich unbequem, man sollte sie ignorieren.  #Islam #Scharia #Salafismus #Multikulti",0
114,"Wenn nicht aus Überzeugung,dann aus Notwehr: AFD wählen bei Landtagswahlen, D sonst kaputt #abmaasen #regsprecher #krimigranten #rapefugees",0
115,"Wenn sie gesagt hätte: """"#Domian´, ich hasse dich"""" hätten sie alle abgefeiert... :-(  #GEZ #wdr #1live #koelnhbf #rapefugees",1
116,"Bezeichnend:Musl.Verbände schließen sich der """"Allianz für Weltoffenheit"""" an.Hinterher,aber nur weil es ihnen hilft #islamisierung #abmerkeln",0
117,Gerüchten zufolge finden sich in den Netzen der Fischer im #Mittelmeer  inzwischen mehr Pässe als Fische!?? #Flüchtlinge #Asylanten #Merkel,1
118,Ich würde gern mal eine #Sondersendung zur täglichen #Inländerfeindlichkeit sehen. #refugeesnotwelcome #brdregime #volksverräter #unrecht,1
119,"Was die allermeisten immer noch nicht begriffen haben: Der #Islam hat seine eigenen #Menschenrechte, #scharia-basiert. Ihr Deppen!",1
120,fast 100.000 neue #asylanten kamen im Januar 2016. und #bamf geht von 500.000 fürs gesamte Jahr aus? können die nicht mal rechnen?,0
121,"Meinen manche Kandidaten eigentlich, mit Hashtags wie #Rapefugees oder #Krimigranten würden sie sich glaubwürdiger und/oder seriöser machen?",0
122,In jeder Stadt sind jetzt tausende neue Muslime!Millionen Muslime brauchen Gebetsräume!Bald werden tausende Moscheen gebaut! #Islamisierung!,0
123,"#krimmigranten zu behandeln, wie hinlänglich berichtet? Wenn sich diese Militärs nur annähernd so abartig verhalten haben, und davon muß 2/4",0
124,Flüchtlinge zwangsweise in Privathaushalten einzuquartieren ist kein Thema vor den Landtagswahlen. #Merkel #rapefugees #Vorhersagetweet,1
125,"Heimleiter von  #asylanten heim in Clausnitz entlassen, weil AFD Mitglied..soviel zu Demokratie Diskriminierung von höchster Stelle!!",0
126,"Warum ist #deutschland nicht solidarisch mit dem Rest von Europa? also, keine weiteren langzeitarbeitslosen oder vergewaltigenden #asylanten",1
127,#asylanten kommen aus erbärmlichsten Zuständen & wir bringen sie in 4*hotels unter mit taschengeld all incl?#merkel denkt die gehen wieder?,0
128,"#Schwulenhilfe #Berlin richtet für Schwule #Asylanten Schwulen-Unterkünfte ein,gekoppelt mit einem Schw.Puff könnten Asylanten dort arbeiten",1
129,"Alles recht ominös mit dem Zugunglück. Wüsste gerne, ob die Lokführer Hassan, Ali oder Mohammed hießen #Fluechtlingskrise #Islamisierung",1
130,"Dürfen in Stuttgart """"#Flüchtlinge"""" und """"#Rapefugees"""" immer noch kostenlos ins Stadion? ;-)) #VfBBVB",1
131,"Frau """"m türkischen Wurzeln"""" erzählt, sie ist beunruhigt weil direkt neben der Schule ihrer Tochter #Asylanten-Heim aufmacht. Fiese Rassistin",0
132,Flüchtlinsheime in denen nicht jeden Tag gratis Rinderfilet serviert wird sind ein Verstoß gegen die Menschenwürde.#Hungerstreik #Rapefugees,1
133,"Mir hat vorhin jemand erzählt, dass die #Handgranate evtl. von den #Asylanten selber kam ? Weiß da jemand was ?",0
134,Ich bin für die #Schweinefleischpflicht !!! Hilft gegen die #Islamisierung !!!,1
135,"#Europa ist groß, weil es nie islamisch war. Und das muss so bleiben. Nein zur #Islamisierung Europas!",1
136,"Sie traut sich nicht zu sagen was wirklich läuft, da muss man nur mal Samstag früh im Pott zur Arbeit fahren #Asylanten #Domian",0
137,#merkel will 100.000e #asylanten nach spanien abschieben wo überall gespart wird & > 20% arbeitslos sind.das ist ihre Solidarität!heuchlerin,0
138,"In Zeiten, in der #Rotherham möglich ist, muss jeder einsehen, dass die #Islamisierung bereits stattgefunden hat!",0
139,#Griechenland #Grenze #Mazedonien man muß diesen #radikalen #Migranten klar machen:sie sind keine Flüchtlinge mehr #Krimigranten #rapefugees,1
140,#DeutscheBank sagt #Asylanten helfen der Wirtschaft.Die Kompetenz von denen kann man übrigens an ihren Geschäftszahlen ablesen.,0
141,"Warum lädt man eigentlich nicht mal einen normalen Bürger zu #Maischberger ein, wenn es um das Thema #Asylanten geht?",0
142,Nicht alle #Sachsen wollen keine #Asylanten. Bitte nicht pauschalisieren. Schuld ist die CDU (regiert in Land+Bund),0
143,"#hartaberfair Schwahn:.Das Problem ist aber nicht nur das fehlende Geld,sondern die Angst vor einer #islamisierung in allen Ländern der EU.",0
144,"liebe #Gemeinden in #Bayern, wir legen #Asylanten #Obergrenzen fest und setzen sie #notfalls vor #Gericht durch ! #sz #faz #zeit #nzz",0
145,Worauf warten #Flüchtlinge und #Asylanten eigendlich? #Griechenland = #Europa = also kein Kriegsland und damit Asyl in Griechenland.,0
146,nach den Landtagswahlen wird am 14.3. sicher die #benzinabgabe eingeführt! Deutsche zahlen Rekordsteuern für #asylanten in hängematte!,0
147,"Kostenloses, aber zu langsames Internet in Flüchtlinsheimen ist ein Verstoß gegen die Menschenwürde. #Hungerstreik #Rapefugees",1
148,"#Gutmenschen,die den #Islam unterstützen,werden sich noch wundern,wenn bald immer aggressiver die Barbarei der #Scharia in D gefordert wird.",1
149,#ORF #ZIB20 #Vergewaltigung durch irak.#Asylanten an Kind!#Hallenbad #Wien Keine Informationen wg Opferschutz! Wer glaubt das denn?,1
150,#Griechenland will Milliarden für #asylanten um griechische Rentner zu bezahlen! die griechische marine soll Migranten in die türkei bringen,0
151,"An der Schule meiner Nichte wurde Eltern jetzt gesagt, Mädchen sollen nicht mehr in Miniröcken zum Unterricht kommen. #Islamisierung",0
152,"#Merkel will, dass die von ihr hergeholten Kulturbereicherer CDU wählen. Aber was, wenn die ihre eigene #Scharia-Partei gründen? #abmerkeln",0
153,"#amnestyinternational heult 1h wie schrecklich D ist, um dann alle #asylanten der Welt zu uns zu bringen. ist das kein  linksfaschismus?",0
154,Nicht in Schwimmbäder scheissen zu dürfen ist ein Verstoß gegen die Menschenwürde. #Hungerstreik #Rapefugees,1
155,Im #Freilichtmuseum #Hessenpark mit #Asylanten NEIN DANKE #Armlaenge,0
156,"Jetzt zerreißen sie sich wieder das Maul über """"#rapefugees """". Aber wo war der Aufschrei bei """"Make Rape Legal""""? Gab's nicht...",1
157,"Landtagswahlen: AFD muss 2-stellig abschließen, sonst M Kaiserin-wählt AFD aus Notwehr  #nichtwähler #Nichtwählen #krimigranten #rapefugees",0
158,Karneval hat #Merkel  jetzt anscheinend auch versaut. Frauen fühlen sich unsicher. #Weiberfastnacht  #rapefugees,1
159,#Cameron #bringt #viel mit nach #Großbritannien und #Merkel? Nichts #außer #Asylanten #Chaos #Regierung,0
160,#spd fordert auch Unterstützung für arme Deutsche und nicht nur für #asylanten. Abgelehnt! das ist die #cdu von heute.,0
161,"#Köln   Wieder SEXUELLE ÜBERGRIFFE  in Köln.:  #Asylanten attakieren in Schwimmbad jugendliche Mädchen und bekommen daraufhin """"Hausverbot""""",0
162,Die #Steuererhöhungen wegen der #Fachkräfte kommen erst nach der #Bundestagswahl. #WirSchaffenDas #Merkel #Integration #Rapefugees #SPD #CDU,0
163,"Religion ist doof, aber wir haben Doofheitsfreiheit, wo ist das Problem mit der #Islamisierung #KatholischeMissionare #gnargh",0
164,"Gegner von #Asylanten mit #Nazis gleichzusetzen, ist einfach falsch! Das verharmlost doch nur das NS-Regime!#clausnitz #Bautzen #Deutschland",0
165,Räumung in Calais! Super! #refugeesnotwelcome,0
166,#Leyen erklärt:#Deutschland wird #Fluechtlinge / #Asylanten zu Soldaten ausbilden um die Situation in #Syrien nach dem #Krieg zu sichern,0
167,"Nichtwähler. Macht Briefwahl, ist einfach und schnell .. #krimigranten #rapefugees #stegner #Augstein #simonepeter #Gabriel #Roth #künast",0
168,"Bei allem,was """"Rechte"""" ausfressen ist die #AfD schuldSind #Groko u #Grüne dann net auch für die Verbrechen ihrer #Asylanten verantwortlich?",0
169,"Dank #merkel: mehr #asylanten, mehr Türken, mehr Ausgaben, Türkei kommt in EU. wir verlieren nur noch mit merkel. #cdu abwahl!",0
170,"Was wurde eigentlich aus der Geschichte mit den """"syrischen Ärzten""""? Die #Rapefugees sind ja wohl wahrlich keine Gynäkologen.",1
171,Der deutsche wurde 70 Jahre lang dazu erzogen den Mund zu halten! Schluss damit!#refugeesnotwelcome #Wir sind das Volk #AfD #merkelmussweg,0
172,Pseudo #Sturmwarnung in #NRW zum Schutz deutscher Frauen vor  #rapefugees um #Jäger  den Arsch zu retten?  #Düsseldorf  #Karneval,0
173,#morgenmagazin läßt #asylanten auf berlinale israelfeindlichen Film anschauen und die finden das toll! einer davon lernt schreiben mit 30.,0
174,Betreuung für alle - Der Rechtsanspruch auf einen #Kitaplatz gilt auch für #Flüchtlingskinder #Fluechtlingskrise #asylanten #fluechtlinge,0
175,"#hayali will #asylanten nach spanien abschieben, wo über 20% arbeitslose sind und eine riesige verschuldung! mein tipp: Grenzen sichern!",0
176,"Warum spenden #Grüne, #cdu und #spd nicht ihr Einkommen für #asylanten? weil sich das Geld anderer Menschen leichter ausgeben läßt!",0
177,#Schönborn ist eine Schande! Er huldigt Invasoren welche uns Christen erbarmungslos ermorden wollen! #rapefugees #Christen #Kirche #fpoe,1
178,Wir brauchen einen Aufstand der Anständigen in Deutschland. #Abmerkeln #Abschieben #Grenzkontrollen #Islamisierung stoppen,1
179,"Ich ziehe #Revolution dem #Krieg vor, zumindest nehmen an der Revolution nur die teil, die wollen. (Marcel Proust) #wehrdich #ia #stehauf",0
180,"#srfarena #SVP Logik: #Minarette in der #Schweiz sind gefährlich, #Waffen für den #Scharia-Staat #Saudi-Arabien unbedenklich.",0
181,"Diese Regierung schützt uns vor angeblichen Sturm beim Rosenmontagszug, aber nicht vor #gang-rape #rapefugees #abmerkeln #Fluechtlingskrise",1
182,Die anfängl.Motivation der #Asylanten sich zu #Integrieren und Beruf zu lernen wird bald nachlassen!Wenn sie die hohen Anforderungen kennen.,1
183,Warum sollten weibliche #Eindringlinge eigentlich in Ordnung sein? Irgendjemand muss die Brut doch aufgezogen haben. #rapefugees,1
184,Verhaftungen von Vergewaltigern als Erfolg zu verkaufen ist das Aufmerksamkeitswinseln einer armseligen Behörde. #Polizei #Köln #Rapefugees,1
185,"Mit jedem Tag,an dem Anhänger des #Islam nach Deutschland strömen,ist eine weitere Etappe der #Islamisierung erfolgt!#IslamIsTheProblem #afd",0
186,"herrlich #deutsche #medien berichten, der #hamburger #karnevalumzug wurde nicht wegem sturm abgesagt, sondern wegen den #Rapefugees",1
187,1000 Straftaten gegen #Asylanten 2015 in Deutschland.1000 Straftaten von #Asylanten in einer Nacht in #Koeln.,0
188,Das deutsche #Nazi Pack muss sich irgendwann entscheiden. #KlappeHalten oder mal ernsthaften #Widerstand leisten.#WirSchaffenDas #rapefugees,0
189,"Ich dachte, dass #Asylbewerber in Deutschland alle #Kriegsflüchtlinge sind. Jeden Tag stehen #Algerier, Marokkaner und Afghanen.. #Asylanten",0
190,"#sterntv zeigt die Realität der Rente. Manche #Asylanten lehnen Arbeit ab, weil sie keine 4000€ netto verdienen wie versprochen.",0
191,"Stimmt, führen wir doch die #Scharia ein. Gäbe bald keine #Wiederholungstäter mehr bei Diebstahl. #srfarena #DSI #handab",1
192,"Unsere Regierung hat den Rotkäppchenkomplex,fütter lieber den Wolf(kriminelle #Asylanten),als die Großmutter(das eigene #Volk) #Merkel #CDU",0
193,Friedlicher #Karneval und nach wie vor keine #Islamisierung. Läuft bei uns mit der #Integration. Da erblassen andere Länder vor Neid.,0
194,#zib2 #Wolf heute in Opernballmilde: keine einzige Zeile über den Supervorteil von #Asylanten ...,0
195,"#schweinefleisch für alle #Flüchtlinge und #Asylanten. Wer saufen kann und Kinder vergewaltigen, braucht keine extra """"Wurst"""" ..Fuck Refugges",1
196,"#Asylpaket2 endlich beschlossene Sache, wir werden sehen ob damit die #Asylflut eingedämmt wird #Flüchtlinge #Flüchtlingspolitik #Asylanten",0
197,#Islamisierung Wollen wir eigentlich die unübersehbar stattfindende  Islamisierung Deutschlands. Oder hat Pegida nicht doch recht?,0
198,#Bereicherung durch #Asylanten? #Sicherheitslage in #Deutschland katastrophal schlecht... #Asylchaos #abmerkeln,0
199,#annewill #Islamisierung ist gar nicht so schlimm. Habe gerade #Unterwerfung gelesen ;-),0
200,als asylant verkleidet an die fasnacht frauen begrabschen gehen. gesellschaftssatire pur! #fasnacht2016 #satire #asylanten,0
201,"Wie jetzt,gemäßigte Opposition in #Syrien besteht auch aus #Fudamentalisten, die einen #Gottesstaat und die #Scharia wollen? #PestCholera",0
202,"Kinderfickende, schächtende #rapefugees! Wer Kinder-, Frauen-, oder Tierrechte verteidigt, darf nicht #gruene #spd oder #cdu wählen! #ltwbw",1
203,In Baden-Württemberg gibt's jetzt Ne extra #Asylanten -Polizei! Bisher zu viele Anzeigen/Straftaten zu wenig Verhaftungen!,0
204,#Asylantenheime #anzünden=#verbrecherisch -aber einziges Augenmerk auf #deutsche #Straftäter +nicht auch #Krimigranten #rapefugees =#nogo,0
205,"#merkel läßt deutschen steuerzahler bluten für Syrien, algerien, marokko, tunesien, etc. und bietet Mio #asylanten all incl. Grandios dumm",0
206,Wann stoppen #Faymann #SPÖ und #Mikl-Leitner #ÖVP endlich das Durchwinken und Weiterschicken von #Asylanten und #Wirtschaftsflüchtlingen?,1
207,#scharia in # Deutschland?  Werden die Kölner Kulturtänzer demnächst handlos? Dann berufsunfähige Frührentner? Fragen über Fragen,0
208,"Bei Aldi verkaufen sie Lachs, der morgen abläuft.Im #Asylanten-Heim gäbe es sowas nicht.",0
209,"Kinder im Schwimmbad"""" #Edathy gefällt das!  #Rapefugees in #Kölnbad auch.",1
210,"Die linksgrün-versiffte Mischpoke in Berlin wird sich noch wundern, wenn die #Rapefugees im Sommer so richtig abgehen. Deustche Mädels,..1/2",1
211,"Wird #sophienhof wieder zensiert aus den twitter trends? Bloß wieder nicht ansprechen,was für ein scheiß Problem auf uns zukommt #rapefugees",0
212,#rapefugees wieder in Köln aktiv. Übergriffe im Schwimmbad in Zündorf. Der Sommer kann kommen #koelnhbf #nolegida,0
213,"Flüchten, wo andere Urlaub machen. #Idomeni #refugeesnotwelcome",0
214,"Wie kann ich, wenn ALLE gegen mich sind, von denen verlangen, dass sie tun, was ICH will? #Merkel2016 * Europäische Lösung, #Asylanten #Asyl",1
215,"Schade, dass heute nicht Wahl ist, sonst würde ich nämluch direkt die AfD wählen. #RefugeesNotWelcome #Widerstand",0
216,#rapefugees laufen sich langsam warm. Kölnerin wird von Flüchtling vergewaltigt. #Obergrenze #armlänge #alaaf #Karneval,1
217,#annewill  Warum gibt es in Europa nicht einheitliche Standarts so das alle #Asylanten überall selbe Leistung bekommen? Zu einfach???,0
218,Stellt Lügenpresse eigentl schon Überlegungen in München an zur Nacktbadesaison an der Isar und Flüchtlinge Primaten? HAHAHAHA #rapefugees,1
219,Frauen die sich nicht freiwillig von Flüchtlingen ficken lassen sind sind ein Verstoß gegen die Menschenwürde. #Hungerstreik #Rapefugees,1
220,"90% aller #Asylanten wollen nur deshalb nach D, weil sie nirgends auf der Welt mehr Geld bekommen! Nebenbei islamisieren. #Lanz",1
221,"Ihr sollt nicht alle NAZIS an den Taten einiger weniger Nazis beurteilen""""...sagte niemand. #Appeseament #Islamisierung #taqqiya",1
222,"Viele Menschen in #Europa fürchten eine #Islamisierung, berichtet #hartaberfair. #Migranten",0
223,#Deutschland wird #Asylanten zu #Sicherheitsbeamten ausbilden um eine #Perspektive für #Syrien zu schaffen #MSC2016 #Fluechtlinge,0
224,"Beim #lasttweet aufgefallen, dass zuerst #refugeesnotwelcome nicht #refugeeswelcome vorgeschlagen wird. Könn wir das ändern? #followerpower",0
225,"Wer die #Islamisierung bestreitet, dem sei ein Trip in arabisch dominierte Viertel in London empfohlen. #hartaberfair",0
226,Wer will überhaupt immer noch kriminelle #Asylanten in Europa aufnehmen? #Passverfälschung #Schleuser,0
227,Wo ist der #aufschrei #ausgruenden #Belästigung von #Flüchtlingsfrauen in #Flüchtlingsheimen?  Könnt wohl nur #koelnhbf u #Rapefugees?  :'-(,1
228,städte- und Gemeindebund erwartet 2 Mio #asylanten in 2016. es wird Zeit für grenzsoldaten. massenabschiebungen. #merkel amtsenthebung!,0
229,"Die Frage ist, warum sehen die Menschen in D die Millionen muslimischen #Migranten NICHT als Gefahr im Sinne einer #Islamisierung an.",0
230,"#Lanz ich staune auch, mit welcher Leidenschaft  die #Islamisierung in #Deutschland verteidigt wird!!",0
231,"Langsam nähern sich auch die #CDU/#SPD-nahen Wirtschaftsinstitute seriösen Prognosen an, wonach die #asylanten 50 Mrd. € pro Jahr kosten.",0
232,#GroKO-Regierung hat die bürgerliche Mitte schon lange verlassen! #Islamisierung #Umerziehung #Migrantenstadel #Merkelmussweg,1
233,"die laufende #islamisierung deutschlands und europas macht deutlich, wie viel wir an deutschland und europa wirklich hatten.",0
234,"wer, glaubst du, finanziert das durchfüttern, Zelte, Bekleidung, der armen #Rapefugees an den Grenzen? Glaubst du die zahlen für irgend was?",1
235,"Wenn Leute, die Deutschland hassen immer mehr #Flüchtlinge dorthin holen wollen - sind das dann nicht #Asylanten-Hasser?",0
236,"Alle #Fluechtlinge nach #GG illegal!Nach Art. 16a nur #Asylanten #EU + sichere Drittstaaten. #NaherOsten, #Afrika = nicht",0
237,"lieber #Horst #Seehofer, gibt es #Asylanten, die besser im #Tierasyl aufgehoben wären ? #sz #faz #zeit #nzz",1
238,"Worauf warten diese scheiss #Flüchtlinge und #Asylanten eigendlich? #Griechenland = #Europa = kein Kriegsland. STOP REFUGGES,",1
239,#Merkel und co erwarten 500000 #Flüchtlinge in 2016! 2015 am Anfang waren es 250000! Die #V4 werden IHR Druck machen.  #Islamisierung NEIN,0
240,Besser als Schreckschusswaffe gegen #rapefugees: Wasserspritzpistole gefüllt mit Schweineblut ^^,1
241,"Extraunterkünfte für Frauen u Christen,um sie vor den #Asylanten zu schützen.Wärs net besser die Anderen zu separieren?Im Flieger nachhause",1
242,"#Asylanten: #EU #Gipfel: Ist das eine #Merkel Show, die nun Millarden an d.#Türkei anweisen will u. die Visumpflicht auch gleich abschafft?!",0
243,"#annewill wir bekommen keine Weimarer Republik, sondern #Islamisierung, siehe #Schweden, dt. Kultur weg + Geldverschwendung!",1
244,"Deutschland den Deutschen.  """"#Flüchtlinge"""" #Illegale #Überfremdung #Islamisierung #Antigermanismus #Widerstand #abmerkeln #REMIGRATION!",0
245,#klöckner biegt sich die Wahrheit zurecht! dank #merkel haben wir Millionen #asylanten in D. auch Marokkaner. erst gar nicht ins Land lassen,0
246,Terrorrazzien in Asylheimen. Gibt es nun doch einen Zusammenhang zwischen illegaler Einwanderung und islamischem Terror? #Islamisierung,0
247,"lieber #Horst #Seehofer,das #Geld aus #Saudiarabia versucht sich momentan an der #Islamisierung #Europas ! #sz #faz #zeit #nzz",0
248,wir wissen daß über 50% der #asylanten ewige langzeitarbeitslose sind. warum sitzen diese nicht bei #illner & #will? das wäre repräsentativ!,0
249,Respekt! Der Türke zieht in Deutschland eine Moschee nach der nächsten hoch. So gewinnt man! #Islamisierung,0
250,"Maas: """"Die kommenden Wochen werden über die Zukunft Europas entscheiden."""" - genau: Islamisierung oder Grenze dicht! #refugeesnotwelcome",1
251,"Schleich. Infiltration, massiver Migrations #Jihad und latent linke Konditionierung durch #Lügenpresse aber keine Sorge wegen #Islamisierung",0
252,#Silvesternacht in #NRW. Erste Verurteilung! 6 Monate auf Bewährung für bereits vorbestraften #Asylanten. Wenn das kein gutes Zeichen ist.,0
253,#Merkel ist jetzt in der #Türkei. Schnell die Grenzen schließen und die Frau nicht mehr reinlassen! #abmerkeln #refugeesNOTwelcome,0
254,Das nächste mal vertecke ich #rapefugees in ihrer Torte sie dumme Nazi sau #tortalerkrieg,0
255,Nordafrikanische Single Männer not Welcome #rapefugees,0
256,Sich schützend vor deutsche Frauen stellen bei Belästigung durch #rapefugees. #wasistrechts,0
257,"Wer zahlt hier meinen Kindern, den kompletten Unterhalt beim Studium, so wie den #Asylanten? ICH!! #maischberger",0
258,Das Problem sind nich die #Asylanten. Es sind die uninformierten und übergangenen Bürger. Und die #Politik ignoriert's noch immer. #Bautzen,0
259,Im #ARD läuft schon wieder #Rapefugees Propaganda.... Zum Kotzen,1
260,"Seht mein Profilbild an! Glaubt Ihr, #rapefugees werden durch Belehrungen oder Benimmkurse von Vergewaltigungen abgehalten?",1
261,"N24: Mehr Polizei, weniger Feiernde aber mehr Sexualdelikte als sonst #abmerkeln #rapefugees #merkelmussweg #refugees",1
262,"#NoHate Für Kindergärten und Schulen gibt es keine Gelder, aber #Asylanten bekommen alles in den Arsch geschoben. Gehts noch?",0
263,Die Regierung alimentiert Menschen aus aller Welt & fördert #Islamisierung unsrer Heimat...mit unsren Steuern! #Volksverräter abwählen! #AfD,1
264,"Make Rape Legal"""" findet Merkel auch und deshalb flutet sie unser Land mit #Rapefugees.     #abmerkeln #merkelmussweg #merkeldiktatur",1
265,"#Hausverbot für 4 vom übergriffigen Mob im #Sophienhof in #Kiel. Na super, dann sind wir ja jetzt sicher vor denen. Nicht. ?? #rapefugees",1
266,Eine europäische Lösung wird es NICHT geben. Merkel greift nach einem Strohhalm den es nicht gibt.. #Orban #merkel #cdu #rapefugees #cdu,0
267,Integration findet also im Kopf statt!? Bislang doch eher im Schwanz! #koelnhbf #fluechtlinge #rapefugees,1
268,"Soll der neue Begriff #Asylsuchende jetzt mehr Mitleid hervorrufen als #Asylanten, #Asylbewerber, #Migranten oder #illegaleEinwanderer?",0
269,Was machen eigtl. die vielen Vögel mit den Kameras zwischen den Randale-#Asylanten in #Mazedonien ?,1
270,"im Mittelmeer die Flüchtlingsboote an den Haken und wieder zurückschleppen, zerstören und gut ist. Dann kommt da keiner mehr #Asylanten",0
271,"Zäune sind unausweichlich,um #islamisierung mit anschl. #Jihadh wie bereits in Nigeria,Indien,Thailand,Israel,Frankr,Belgien,UK...zu stoppen",0
272,#Frankreich macht ja schon Grenzkontrollen. Haben die wirtschaftliche Einbußen? Nö. #Grenzenzu #FestungEuropa #refugees #refugeesNOTwelcome,0
273,"Jetzt schwenkt der falsche Fünfziger Gabriel in die Richtung derer,die er damals als Pack bezeichnet hat! #Merkel  #Asylanten #maybritillner",0
274,Mit #Scharia können #Merkel und #Siggi erst recht durchregieren . #Groko,0
275,"#tagesschau nennt #Levante-Dschihadisten, die für einen #IslamischenStaat mit #Scharia in #Syrien kämpfen, """"einigermaßen gemäßigte Rebellen""""",0
276,"#illner: #cdu lebt im falschen Land scheint mir... 12,5 mio deutsche sind arm (2016). geld für #asylanten gibt's dicke.",0
277,#pegida ihr habt einen Maulwurf  Handabhacken für Diebstahl #Scharia   Erschießen bei illegalem Grenzübertritt #afd,1
278,Wie hat Sloterdijk so schön gesagt? Es gibt keine moralische Pflicht zur Selbstzerstörung. #IslamicState #Islamisierung #Fluechtlingskrise,0
279,#ZDFzoom #Flüchtlinge #asylanten diese Reportage sollte ein MUSS sein für Interessierte! 1000 Dank an Frau #Knobel-Ulrich u ZDF,0
280,Man wünscht sich eine schlagkräftige Bürgerwehr für #Sophienhof. Politik versagt auf ganzer Linie. #rapefugees #abmerkeln,0
281,Unterhaltsam die Metamorphose v #Gutmenschen zu #besorgteBürger zu beobachten wenn neben der Schule der Tochter ein #Asylanten-Heim entsteht,0
282,Rettet die deutsche Frau vor dem Multikuliti Wahn #rapefugees,1
283,#rapefugees in der Siedlung? #hartzundherzlich,1
284,"syrische #asylanten wollen in hungerstreik gehen, weil Klopapier gelegentlich fehlt? wer unzufrieden ist, sollte gehen! no #refugeeswelcome",0
285,"Es ist weder islamophob noch rassistisch, Kritik am Islam zu üben. #Kinderbraut  #Frauenunterdrückung #Intoleranz #Scharia",0
286,"#Sonderrecht für #radikale, #kriminelle #Islamisten installieren? -nach d #Scharia aburteilen? -#Diebstahl: Hand ab? -schnell Ruhe im Karton",1
287,Mit Zuckerberg schließt sich der Kreis. #refugeeswelcome #refugeesnotwelcome,0
288,#NoPegida =  #ISIS Unterstützer  #Scharia Befürworter  #Islam gehört zu DE Sympathisanten  #GG Bruch Gutheißer  #Asylindustrie Profitierer,0
289,#Asylanten sollen #arbeiten können.Die #Wirtschaft gibt #Knowhow und der #Staat bezahlt. Muss er sowieso....,0
290,Im übrigen müsste klar sein das die #rapefugees aka IS monkeys die  Absage von #Rosenmontag als  Herausforderung ansehen.  #merkelmussweg !!,1
291,#asylanten stapeln sich in GR. was macht #merkel & #cdu? ducken sich weg! kein Wort daß wir keine #migranten mehr wollen! Schämen Sie sich!,0
292,"#funfact : Die #AfD wettert gegen #Asylanten , erzeugt aber wahrscheinlich jetzt schon in #Hessen politische Fluechtlinge...",0
293,"#hartaberfair Warum werden #Fluechtlinge wie  #Migranten behandelt? Sind #Asylanten - müssen zurück, kein Bleiberecht!",0
294,"Schüler sollen #refugees Betten machen,  sich auf arabisch bei denen entschuldigen, was kommt noch? #refugeesNOTwelcome #GutmenschGoHome",0
295,Alleinherrscher #Putin wird mit Sanktionen belegt-Diktator #Erdogan werden alle Erpressungswünsche erfüllt! Klasse #Merkel #Asylanten,0
296,#Flüchtlinge und #Asylanten bzw. #Migranten sind #perverse kleine #Kinderficker.,1
297,#rtl berichtet jetzt über gewalttätige #asylanten #refugees,0
298,#cdu kapiert es nicht! Alle in europa ausser cdu von #merkel wollen keine #asylanten. sichert die aussengrenze oder EU und merkel sind tot,1
299,Der blanke politische Schwachsinn:  #Sturmwarnung | #Rosenmontag  #rapefugees | #Kriminalität | #AfD  Kapitulation im vollen Gange #CDU,0
300,#Schweden findet Missbrauch v.Kindern OK #Kinderehen #Asylanten Bei unbewiesenen Vergewaltigungsvorwurf sind sie nicht so tolerant #Assange,1
301,"Mensch #Gabriel, weil #Europa keine #Muslime haben will. Nur #Merkel bringt uns diesen Fluch. #Illner #Asylanten",1
302,"Das Geld ging für Lunchpakete der #rapefugees drauf. Find dich damit ab u stirb, wenn du arbeitslos bist. Deine Bundes- u Landesreg. #Domian",0
303,Sollen dt. Städte in die Topliste der gefährlichsten der Welt aufsteigen? Dann wählen Sie weiter die #Altparteien! #Rapefugees & IS danken,0
304,"Glawischnig #Weltfrauentag: """"Ich bekämpfe kein Kleidungsstück."""" #burka #scharia #islam #isis #diegrünen #menschenrechte #frauenrechte #vdb16",0
305,make rape legal soll uns wohl schon athmosphärisch vorbereiten auf Vergewaltigungswelle musl. #rapefugees.In gesamter EU tgl. zu notieren!,1
306,"#klöckner wählen heißt 2 Mio neue #asylanten, türkei Mitglied in EU und Euro, neue #Steuern, Zensur & sharia.Ich will das nicht. #afd wählen",0
307,#cdu hat die deutschen schon aufgegeben. jetzt geht es darum den #asylanten möglichst schnell das Wahlrecht zu übertragen. genug #refugees,0
308,würden wir #kriminelle #islamistische #Migranten nach der von ihnen gewünschten #Scharia #bestrafen -wäre schnell Ruhe im Karton,1
309,"Die #Asylanten werden sich in #Deutschland festsetzen,und höchstens zu Besuch zu #Verwandten fahren.Ich fordere eine #RückkehrPflicht. #afd",0
310,"Man isst zu Abend= #eu Gipfel - Hast Du heute schon gnachtmahlt, #Angela ? #europa  #Flüchtlinge #fleuchtlingskrise #Asylanten",0
311,"geplatzte #Träume sind immer noch besser, als ein geplatztes #Kondom. #Asylanten",0
312,"Fünf #Männer und eine devote #Frau! Wie immer bei #Lanz . Mir ist irgendwie übel, muß leider abschalten. #Lanz #Merkel #Scharia #kölnhbf",1
313,Wieso nehmen nicht #Bergdörfer die #Asylanten und #Flüchtlinge  auf ? so wären die Schulen im #Dorf gesichert. #Bundesasylzentrum #Wallis,0
314,"Wähler und Nichtwähler: Wir müssen uns wehren- wählt AFD,nicht aus Überzeugung, aber ausNotwehr  #rapefugees #madmerkel #annewill #lanz",0
315,"#Hoaxmap, weil #Rapefugees vergewaltigen auch manchmal niemand",1
316,Allianz für Weltoffenheit das heutige Motto der #Islamisierung skampagne.Tgl.+weltweit wird die Würde des M. im Namen des Islams missachtet!,0
317,"Wer für #Täterschutz,#Islamisierung und Abschaffung #Deutschland(s) ist,wählt weiter #Grüne,#Linke,#SPD,#CDU. Wer das nicht will,wählt #AfD.",0
318,"beachtlich, wieviel gutmenschen von einst mittlerweile die hosen gestrichen vollgeschissen haben vor angst vor #rapefugees #spielfeld",1
319,"Die #afd wird in den nächsten Jahren auf über 25% kommen,warum?Weil eure #Asylanten euch zeigen werden wie freundlich Sie wirklich sind!#afd",0
320,EU stellt 16 300Mio für #Invasoren bereit! Wer wird das wohl bezahlen? #Refugeesnotwelcome #Fluechtlinge #Pegida #AfD #CDU #Merkelmussweg,0
321,"#RefugeesWelcome Brüllern ist tägliche #Kriminalität der """"#Flüchtlinge"""" wohl egal oder sie wollen es nicht wahrhaben. #AfD #Islamisierung",0
322,"Übrigens, so wie ich die Dinge sehe, ist die Einführung der #Scharia in #Deutschland eigentlich nur noch eine Frage der Zeit ...#Flüchtlinge",0
323,"Nein zu #Multikulti, nein zur #Islamisierung, nein zu #Merkel #Vertrauensfrage",0
324,"#Kiel : der #Asylkult und seine Folgen, bald auch in Ihrem #Einkaufszentrum , lieber #SPD - Wähler und sonstiger #Traumtänzer  #rapefugees",0
325,"Ja zur Einwanderung z.B. aus Amerika, Australien, Ostasien. Nein zu #Überfremdung und #Islamisierung.",0
326,Die Geschichte wird das Merkel-Regime als genauso zerstörerisch für Europa bewerten wie das NS-Regime #abmerkeln #islamisierung,0
327,Wie viele #Gebetsräume für #Christen wurden von #Islam-#Fanatiker bis jetzt in #Deutschland zerstört? #Trümmerfrau #Asylanten #Bürgerwehr,0
328,#heute-journal: UN ehrt #merkel für #asylpolitik. 1 Beitrag später: Suche nach kriminellen #asylanten. 107 Männer werden gesucht. Danke #cdu,0
329,"Wir bekommen #Asylanten aufgedrückt, wir bekommen #TTIP vorgesetzt, müssen übelste moderne Propaganda in den Medien ertragen. Wie weit noch?",0
330,Wer will auch bewaffnete Grenzer? #BorisPalmer #Grüne Die #Afd hat halt recht und er auch! Und die #GrüneJugend kotzt! #refugeesNOTwelcome,0
331,"Schleichende #islamisierung """"aus Rücksicht""""kein Schweinefl. Was als nächstes? Frauen, Ungläubige verbannen?#Schweinefleischpflicht sinnvoll",1
332,"Hört auf damit widerliche Kommentare über #Flüchtlinge und #Asylanten zu machen, es reicht!",0
333,360% mehr sexuelle Übergriffe an #Karneval als im Vorjahr. #rapefugees #refugeesnotwelcome #grenzendicht #abmerkeln,1
334,"Frau #merkelmussweg Deutschland in der EU immer mehr isoliert,dank ihrer #Asylanten Politik,was machen sie,wenn der nächste Gipfel erfolglos",0
335,#Österreich macht es richtig. #Flüchtlingsobergrenze #refugees #refugeesNOTwelcome #refugeesgohome #Merkelmussweg #CDU,0
336,"Bahnstrecke (S2) Erding->München wurde vorhin gesperrt, weil #Asylanten meinten, sie müssen die Gleise entlang nach München laufen.",0
337,Fakt ist HIER IN DE LÄUFT DEFINITIV WAS FALSCH! #illner #edathy #islamisierung,0
338,"Antisemitismus ist im gesamten arabischen Raum verbreitet, praktisch salonfähig.Warum wird sowas nicht thematisiert? #islamisierung #Asyl",0
339,"Etwa 10 Prozent der Bevölkerung von #Syrien sind Christen verschiedener Konfessionen;  1920 waren es noch 30 Prozent."""" #Islamisierung",0
340,"#regierung #merkel betreibt eine verlogene Migrationspolitik vs eigene Bevölkerung,die die #islamisierung weiter beschleunigt! #abmerkeln",0
341,"#Erdogan in Jakarta: """"Islam Islam Islam"""". Jetzt soll #EUropa für seine #Islamisierung 6 Mrd € zahlen.  Es g nur eine Antwort: Ablehnen! ??",0
342,"#Arschloch Ochsner redet die #Scharia schön, um Waffenexporte der #RUAG nach Saudi Arabien zu exportieren. Salzmann unterstützt. #srfarena",1
343,"unter den #Fluchtlinge & #Asylanten gibt es doch angeblich keine Terroristen,sollen doch nur Fachkräfte,Ärzte&Ingenieure sein.",0
344,Wir brauchen dringend Wahlbeobachter!    #ltwrlp #ltwrp #ltwbw #merkel #afd #cdu #csu #spd #malu2016 #laschet #rapefugees #krimigranten,0
345,JA zu asylobergrenze ! #Asylpolitik #Asylanten,0
346,Ich will diese muslimische #Invasion hier nicht! Ich will keine #Asylschmarotzer #Krimigranten und #Rapefugees! Ich will nicht!!,1
347,wenn sich Schutz suchende #Flüchtlinge in Europa als #radikale #Islamisten-#Krimigranten-#Rapefugees entpuppen -in #Gefangenenlager stecken,1
348,Aber eine #Islamisierung findet nicht statt. #LT,0
349,#Rosenmontag in Mainz und Nordafrikadüsseldorf abgesagt. Hat aber nichts mit #rapefugees zu tun.,1
350,"Die """"gute"""" Fratze des Kapitalismus, jetzt bei #maischberger hat 600m² großes Mausoleum für sich gebaut. Warum nicht an #rapefugees schenken?",0
351,Nicht alle #Sachsen wollen keine #Asylanten. #Tillich + #Gabriel hetzt über eigene Landsleute. Politikdarsteller sind beschämend,0
352,"Es darf nicht sein, dass wir unsere #Esskultur in öffentlichen Einrichtungen auch noch der #Islamisierung opfern sollen! #Schweinefleisch",0
353,"Puh,bloss Glück gehabt, dass die 30 #rapefugees von #Kiel nur Mädchen verfolgt und keinen Bus blockiert haben. Gerade noch mal gut gegangen!",1
354,#Flüchtlinge in #Clausnitz filmten mit Handys & provozierten mit Stinkefingern. #clausnitz2002 #Sachsen #Flüchtlingskrise #Asylanten,0
355,#muttikulti - die von mutti merkel verschuldete eskalation des multikulti-problems durch einladen von  #rapefugees und #krimigranten.,1
356,#RefugeesNotWelcome Boykottiert #Bild und andere #Gutmenschen,1
357,"Kinder in Schwimmbad unbeaufsichtig zu lassen,kann man als Eltern vergessen,wenn frei rumlaufende #rapefugees ihr Unwesen treiben.#abmerkeln",1
358,Täglich gibt es in #Deutschland #vergewaltigungen an Kindern von dreckigen #Flüchtlingen und #Asylanten. Eine Schande FUCK YOU #refugges,1
359,#Mindestlohn soll wegen #Asylanten teilweise ausgesetzt werden.  #Flüchtlinge,0
360,"Ich werde #Gutmensch!Seid ihr geschockt?Ich stehe am Flughafen und winke den abreisenden abgelehnt. #Asylanten,und wünsche einen guten Flug.",0
361,#hoaxmap sollte lieber den #Opfern und #Frauen von #Vergewaltigungen durch #Flüchtlingen und #Asylanten helfen. Opferschutz ;),0
362,"Frauen u Christen bekommen Extraunterkünfte, um sie vor den #Asylanten zu schützen.U wer schützt die Deutschen wenn die rausgekommen?",1
363,"wie kann Menschen nur so doll hassen, dass man sie sterben sehen möchte? #asylanten #AfD #noafd #nonazis #sachsenanhalt #menschistmensch",0
364,An der Grenze zu #Mazedonien versuchen tausende  #Asylanten mit Gewalt nach #Deutschland durchzubrechen fast nur noch Männer,0
365,"Kein Sturm in Sicht,der rechtfertigt Umzüge an #Rosenmontag abzusagen. Vermutlich ist der """"Sturm"""" aus Nordafrika der Grund. #AfD #Rapefugees",1
366,Ich beschütze deutsche Frauen Teilzeit vor #rapefugees .,1
367,Kälte und schlechtes Wetter im Winter sind ein Verstoß gegen die Menschenwürde. #Hungerstreik #Rapefugees,0
368,FR hat Teile des #Invasoren lagers #Calais geräumt / GR wird Invasorenlager #Idomeni räumen. Besser spät als nie. #Rapefugees #Invasion,0
369,"würden deutsche Soldaten nicht decken an #asylanten verteilen, könnten sie helfen die EU aussengrenze zu bewachen! #merkel rafft das nicht",0
370,"Sabatina James bei  #lanz, sicher mutig aber wie soll #Deutschland ihre #Scharia-Probleme lösen? #OpfersindOpfer",0
371,Statt #Hoax eine Liste aller bestätigten sexuellen Übergriffen der #rapefugees.Das wäre wirkliche Transparenz für Bevölkerung! #abmerkeln,1
372,"Übrigens, hat die Berliner Staatsanwaltschaft nichts besseres zu tun (#Kriminalität v. #Asylanten), als wg. 1/2g Meth durchzudrehen?! #Beck",0
373,"Falls #Merkel bei #EU-#Türkei Gespräch zu """"#Flüchtlinge"""" """"Erfolg"""" hat, verkaufen uns Medien die #Islamisierung wohl als """"Bereicherung"""". #AfD",0
374,#maischberger Zu den Kosten einer Zuwanderung gehören auch die gesellschaftl. Kosten einer fatalen #Islamisierung sbeschleunigung mit Jihad!,1
375,"Familie, Freunde & Bekannte dazu bewegen bei den kommenden Wahlen National zu wählen! #Merkelmussweg #Parteienblockmussweg#Islamisierung",0
376,"In #Tunesien warten hundertTausende #Asylanten zum übersetzen nach Italien,um von Sizilien nach #Mitteleuropa weiterzureisen.",0
377,Ich habe die Schnauze so voll von diesem #asylanten geschwafel. #gutmenschen #fresse,0
378,"Islam Bank,Islam Partei.Ausbau islamischer Infrastruktur und unsere Politik Idioten reden immer noch von """"angeblicher"""" #Islamisierung",1
379,"Schande für Deutschland, dass es das Hashtag #Rapefugees gibt während es auch noch Make Rape Legal gibt! #AllHumansMatter! #AllBeingsMatter!",0
380,"#rapefugees #refugeeswelcome Bürger bewaffnet euch, die Fachkräfte tun das auch. Und die zögern nicht, diese einzusetzen. Better he than me",1
381,"Bin mir sicher es gibt Pläne bei #merkel #klöckner und #spd, deutschen nach dem 13.3. das Wahlrecht zu nehmen und es #asylanten zu geben",0
382,Ich zahle in einem christlichen Land jeden Monat ne Menge Kirchensteuer.Wofür?Damit ich immer mehr Muezzin-Rufe höre! #asyl #Islamisierung,0
383,"Raum der Stille"""" an der TU Dortmund zeigt im Kleinen auf, wie es in absehbarer Zukunft ganz Deutschland ergehen wird. #islamisierung",0
384,#illner Bartsch weiss schon mehr. Aus Jemen kommt die nächste Flüchtlingswelle. Hilfe #islamisierung überall!,0
385,#Kretschmann #Gruene #Maas #SPD  Pistorius #SPD Die eigenen Landsleute vorverurteilen +beschuldigen+jetzt schweigen #Handgranate #Asylanten,0
386,Es gibt keine #rapefugees,0
387,#fakt #ard. 90 jähriger wird Taxifahrt verweigert. #asylanten werden egal wie weit kutschiert! ich hasse #merkel mittlerweile!,0
388,"Wir müssen die Fluchtursachen bekämpfen"""" RICHTIG!  Dampft endlich die opulenten Leistungen für nicht anerkannte #Asylanten ein!",0
389,Woher kommen überhaupt die #Migranten in #Griechenland? Sicherlich sind sie keine #Syrer. Aus #Pakistan? oder #Indien? #Rapefugees #Paki,0
390,"Wer NICHT grenzenlose unkontrollierte Zuwanderung, #Islamisierung, Sicherheitseinbußen & #Kuscheljustiz mit #Migrantenbonus will, wählt #AfD",1
391,"#Merkel wird in die Geschichte eingehen als Kanzlerin,die Bürgerkrieg in D schürte, #Islamisierung D beschleunigte+Sozialsysteme ruinierte!!",0
392,#asylanten Wirtschaftsverbände stehen hinter Merkel-klar-pro Jahr+1 Mio Konsumenten.Arbeit billig.Die Kasse klingelt. Bezahlung garantiert,0
393,"#Flüchtlinge & ´#Asylanten  sind perverse #Kinderschänder die jeden Tag in #Deutschland, skrupelos #Frauen & #Kinder vergewaltigen.",1
394,"NEIN! Ist eine klare Aussage,und bedarf weder einer Erklärung noch einer Begründung! #Rapefugees #Köln #Hamburg #Kiel",1
395,Visafreiheit mit #türkei bringt uns hunderttausende neue #asylanten.#erdogan zerbombt Kurdengebiete damit sie nach D fliehen.#merkel versagt,0
396,"dt. Umfrage machen und fragen,was #Pegida heißt.Wie wissen, was es und gegen #Islamisierung heißt? Deutsche aufwachen!",0
397,Bei jedem Auftritt eines #Asylanten oder Migranten kommt diese gespielte Hysterie der Sozis. Die realisieren so langsam ihren Machtverlust.,0
398,Gesetzesvorschlag: Vasektomie als Strafe für Vergewaltiger #rapefugees #refugees #vergewaltigung #rape,1
399,#hartaberfair oh Mann ich glaubs einfach nicht.Wann wacht D endlich auf! Völlig isoliert.Alle habens kapiert #islamisierung stoppen!,1
400,hallo #Hessen ! geht zur #Kommunalwahl stimmt FÜR EURE #HEIMAT #DEUTSCHLAND #AfD #Widerstand #Fluechtlinge stoppt #Merkel #Islamisierung,0
401,"Die Nato, das Militärbündnis, prüft einen Einsatz gegen SCHLEPPER. #Flüchtlinge #Rapefugees #Einzelfall #Krimigranten #whitegenocide",0
402,#AnneWill Die #Merkel schafft sich ab. Sie labert nur Mist! #refugees #refugeesNOTwelcome #refugeesgohome #Merkelmussweg,0
403,#rapefugees raus aus Preußen!,1
404,"von einem Turkmenen sexuell missbraucht, x-mal minderjährige Mädchen von #rapefugees sexuell belästigt. #Kiel 2016! #islam #sophienhof [2/2]",1
405,"#hjartaberfair #Österreich will Sozialsysteme mit #Asylanten nicht überlasten. Korrekt, was D nicht begreift und Bürgern schadet",0
406,"#Diebstahl,#Einbruch,#sexuelle Übergriffe v. #Migranten -wird #verschwiegen,nicht #bestraft -bei #Scharia wird bei Diebstahl Hand abschlagen",1
407,#Bayern droht Imamen: Bei Werbung für #Scharia und gegen #Verfassung  bis 50 000 Euro #Bußgeld. #Integrationsgesetz. #CSU #Fluechtlinge,0
408,Gute #Opfer von #Krimigranten & #Rapefugees zeigen Straftaten nicht an. Das würde nur den #Rechten nützen. Nur als Tip für die #Gutmenschen.,1
409,"Wer Millionen #asylanten will,wählt links. wer nicht #afd. und #cdu? hm,kann man Millionen #asylanten gleichzeitig wollen und nicht wollen?",0
410,"Kaum kommen weniger #Invasoren über die Balkanroute, schon dürfen 10 Mio #Muslime aus der Türkei ohne Visum rein in die EU. #Islamisierung",1
411,#fluechtling Was macht eigentlich der Araber in der Sache? Er will die #asylanten nicht haben! Aber wir sollen sie sollen wir aufnehmen!!!,0
412,"Ab jetzt heißt es nicht mehr Leben, sondern Überleben!#Köln #Kiel #rapefugees",0
413,"Es scheint als steigt die Zahl patriotischer Europäer, die keinen Bock auf #Islamisierung haben. Eigentlich alle, außer #Merkel-Deutschland.",0
414,"Bestätigte Sexualdelikte von #rapefugees sind viel zu brisant siehe Vergewaltigungsrate Schweden,deswegen lieber #hoax für Honks! #abmerkeln",1
415,"#IS-#Sympathisant aus #Darmstadt,#Werbe-#Video für #Terrormiliz -für derart gnadenlose #Mitbürger d.v. ihnen gewünschte #Scharia anwenden",1
416,"Immer sehr lustig, wenn #Pegida als #Fremdenfeindlich dargestellt wird ! Für alle #Linken Steinewerfer: Pegida ist gegen die #Islamisierung!",0
417,#Asylanten wollen die #EU fluten.Und ich bin sicher alle #Flüchtlinge auf der Welt machen sich Stück für Stück auf den Weg! 60Mio.#afd #cdu,0
418,also die #fasnacht in diesem #jahr geht in die geschichtsbücher ein - soviele #Rapefugees wie noch nie :( gehören alle kastriert,1
419,"Wer mit dem Begriff #rapefugees Hetze gleichsetzt,will einfach nur Realität verdrängen oder bewusst totschweigen! #SolidaritätmitKolja",1
420,"#Clausnitz erinnert immer mehr an #Handgranate u #Lageso-Toten.#Asylanten provozieren,niemand kommt zu Schaden, #besorgteGutmenschen heulen",0
421,"Wer #SPD und #Grüne wählt, bekommt #Islam und #Scharia in Deutschland und #islamisten tolerieren keine Minderheiten  Daher #AfD",1
422,"liebe Frau #Merkel, die Aufforderung #Asylanten unbegrenzt aufnehmen zu wollen wird sich im laufe der Zeit rächen......nee nicht mit mir",0
423,War grade wieder ein hart verdienten Kaffee an ner Tankstelle trinken da kamen gut gebaute #Asylanten rein und kauften Bier und Zigaretten,0
424,****W I D E R S T A N D  G E G E N   I S L A M I S I E R U N G**** #Bautzen #Clausnitz #rapefugees #cologne #koelnhbf #Germany #NOISLAM #SOS,0
425,"Was würden #Gutmenschen sagen, wenn Christen/Europäer massenweise nach Arabien einwandern würden? #Islamisierung",1
426,#koelnhbf gab es Opferbashing #Clausnitz gibt es Mitleid und #clausnitz2002 + schöne Wohnungen für #asylanten. Das ist #deutschland,0
427,EU-Kommission wertet die #Asylanten-#Obergrenzen Österreichs als illegal. #SPÖ-#ÖVP-Bundesregierung ignoriert EU-Recht.  #Amtsmißbrauch?,0
428,"Dt. #Bevölkerung arbeitet für die musl.Migr.,damit dt. #wirtschaft Druck auf Reallöhne aufrechterhalten kann.#islamisierung wird akzeptiert!",0
429,"Bin gester 2 #Asylanten begegnet beide voll bis oben hin,kamen aus #Afghanistan saufen scheinbar täglich gegen die Langeweile #Fluechtlinge",0
430,Und ich garantiere man kann auf Dauer keine #Wohnortpflicht für #Asylanten in Deutschland vorschreiben.Völliger Unsinn und nur Kosmetik.#afd,0
431,Tränengas gegen Flüchtlinge  Ob man es in #imzentrum oder hier benutzt dank #Rapefugees - da gibt's keinen Unterschied - benehmen sich nicht,1
432,In Deutschland kostet die Betreuung eines unbegleiteten minderjährigen #Asylanten je nach Bundesland zwischen 40- 60.000€ im Jahr #ltwbw16,0
433,"Die 1.000.000 Einheimischen, die in Österreich an der Armutsgrenze leben, dürfen nicht durch die Integration der #Asylanten geopfert werden.",0
434,"Die Tussi war voll naiv. Nimmt südländische Männer im Auto über die Grenze, wundert sich dann das es illegale #Asylanten sind. #Domian",1
435,#cdu will Mindestlohn für #asylanten aussetzen. dann nehmen asylanten deutschen Arbeit weg weil sie billig sind! #afd wählen. #merkelmussweg,0
436,"#Asylanten #Sonntagsstammtisch #Stückl: """"Wir müssen das schaffen"""". Frage: Was und warum ist zu schaffen?! Islamisierung der #BRD, oder was?!",1
437,"Ahaa, jetzt auf einmal sind #Flüchtlinge DOCH ein potentielles #Risiko für die #Wirtschaft (neben dem #Brexit) #eudssr #brddr #rapefugees",1
438,#Merkel hat keinen Plan B sagt sie bei #annewill. Vielleicht wäre Plan B endlich mal Realpolitik in Fragen #Asylanten #Flüchtlinge zu machen,0
439,EU #Grüne wollen Europa mit #asylanten fluten und steuerzahler ausbluten lassen. Diese Partei gehört verboten!,0
440,"Kein Fußball den Faschisten"""" aber auch keine #Regierung für Idioten.Kritiker einer #islamisierung als Nazis diffamieren,ist Linksfaschismus",0
441,"Anstatt man Milliarden gegen die #Armut in #Deutschland einsetzt ,steckt man lieber den #Asylanten und d.Türkei das Geld in den Arsch!?",1
442,"Schuldige an dem „Flüchtlingsdrama“ konnte endlich identifiziert werden, die Russen sind Schuld, sagt Merkel! #Asylanten #Merkel #BRD",0
443,#Flüchtlinge #Asylanten #Stop #Köln #Vergewaltigungen #Aufschrei #Kriminalität #CDU #SPD #Merkel weg #Wahl #AfD #Grenzen zu #Lügenpresse,0
444,Asylpaket 2..Alles Pseudo Vorschläge um die kommenden Wahlen zu beeinflussen..#Merkel mehr Schein als sein!!! #asylanten,0
445,#SternTV 24.02.16 soeben sofort weggezappt! Lügensendung hoch 10! #Sachsen wissen was sie tun! #refugeesnotwelcome,0
446,Es gibt keine Alternative zur #AfD. Die #AfD ist die einzige Alternative! #Fluechtlinge #koelnhbf #Islamisierung,0
447,"Die #Industrie hofft ja immer noch auf den #Facharbeiter unter den #Refugees. Ja, die Hoffnung stirbt zuletzt. #refugeesNOTwelcome",0
448,#annewill Ja Kriminalität von #rapefugees wird natürlich mit einem Satz behandelt. Thema erledigt.Kriminalität ist ja auch nur explodiert!,0
449,"Altparteien kommt Sturm an #Rosenmontag wie gerufen. Lässt sich gut als Vorwand verkaufen, da es sonst weitere  #Rapefugees Fälle gäbe. #AfD",0
450,"Eine alte Schachtel zeigt freundliches Gesicht,damit Horden von #Rapefugees ihre hässlichen Gesichter -oder andere Körperteile- zeigen.#Kiel",1
451,"Die Geschichte wird Merkel recht geben"""" - falsch - Die Geschichte wird über Merkel richten! #abferkeln #refugeesnotwelcome",0
452,Die Täter des #Kieler-Mobs haben die bisherige Höchststrafe bekommen: #Hausverbot! #Kiel #Rapefugees #Flüchtlinge,1
453,#dasduell. #göring-eckardt will 1 Mio neue #asylanten. #kauder auch. schwarz grün im vormarsch. prost mahlzeit. #afd wirkt,0
454,#Sexuallkunde für #Flüchtlinge und #Migranten ... #Mama #Merkel bringt #Asylanten das ficken bei ... #Vergewaltigungen funktionieren bereits,1
455,"Zwei Dutzend Männer"""" eine übliche Anzahl für muslimische rape gangs über ungläubige Schlampen herzufallen.#rapejihad #rotherham #rapefugees",1
456,"Vorhin hat jemand gefragt, wie es mit der #Islamisierung Deutschlands wohl noch weitergeht?  Na, #Erdogan wird auch noch #Bundeskanzler.",1
457,schweizer firmenchefin verlangt das man #asylanten einstellt.   klar auf 1 schweizer mit 4000 CHF lohn kann man 4 asylanten für 1k anstellen,0
458,#Merkel lässt sich heute wieder von #annewill i.d. #ard präsentieren. Unwidersprochen darf sie ihre verfehlte #Asylanten-Poltik verbreiten.,0
459,"Also ich finde, Europa ist sich einig wie noch nie:  #refugeesnotwelcome, eine tanzt dabei aus der Reihe und merkelt sich gerade ab.",0
460,#dieanstalt #flüchtlinge und #Asylanten benötigen Schwimmpass bei Grenzübertritt ... Rückführung übers #Mittelmeer geplant muhaaaa,1
461,Die Regierung hat nichts im Griff. Das gibt hoffentlich ein Denkzettel bei den nächsten Wahlen! #refugees #refugeesNOTwelcome #abmerkeln,0
462,"Das gerechte in #Deutschland ist ja, dass nicht nur #Juden, sondern auch #Christen verfolgt werden. #WirSchaffenDas #Merkel #Islamisierung",0
463,"#radikaler #Imam in #Dänemark ruft z #Steinigung v #Frauen auf -was wäre,riefen wir auf,alle #Imame in #Europa nach #Scharia zu #steinigen?",0
464,Wo ist das Problem? Für Moslems ist es doch schon legal... #MakeRapeLegal #rapefugees,1
465,"Simone #Peter hat seit 7 Monaten und weit über 1 Mio. #Asylanten, noch keinerlei Konzept, wie der Zuzug begrenzt werden kann. #BerlinDirekt",0
466,"Bin gespannt auf #onebillionrising. Hoffentlich hat den #rapefugees keiner gesteckt, daß es dort ordentlich Grabschmaterial gibt.",1
467,"#kipping ist so dumm! wenn #asylanten Wohnungen kriegen + verpflegung all incl + taschengeld + krankenkarte für umme, kommen immer mehr!",0
468,Zukünft. #CDU Wähler aus #MEA marodieren auf Merkels Wunsch mordend u vergewaltigend durchs Land aber eine #Islamisierung findet nicht statt,1
